
<traffic>
    <category field="bilen">
        <question>
            <formulation>
                Hvordan finner man størst tillatte totalvekt på tilhenger bilen kan ha?
            </formulation>
            <alternative isCorrect="true">
                Se i vognkortet.
            </alternative>
            <alternative>
                 Spør en du kjenner.
            </alternative>
            <alternative>
                Du regner det ut ved lengde på bilen gange høyde gange vekten og summen av dette delt på antall hestekrefter(hk).
            </alternative>
        </question>
		<question>
            <formulation>
				Hvor mange lykter/fjernlys kan du ha på personbilen?
            </formulation>
            <alternative>
                Personbiler skal ha maks to lykter som gir hvitt eller gult fjernlys.
            </alternative>
            <alternative>
                Personbiler skal ha maks to lykter som gir hvitt fjernlys.
            </alternative>
            <alternative>
				Personbiler skal ha minst 1 lykt som virker som gir hvitt eller gult fjernlyst.
            </alternative>
            <alternative isCorrect="true">
                Personbiler skal ha to eller fire lykter som gir hvitt eller gult fjernlys.
            </alternative>
        </question>
		<question>
            <formulation>
				Når er det ikke tillatt å kjøre med piggdekk i Østfold?
            </formulation>
            <alternative>
                Når all snøen er smeltet.
            </alternative>
            <alternative>
                Når det er 10 grader ute.
            </alternative>
            <alternative>
				Fra og med 1. mars til og med 1. desember.
            </alternative>
            <alternative isCorrect="true">
                Fra og med mandag etter 2.påskedag til og med 31.oktober.
            </alternative>
        </question>
		<question>
            <formulation>
				Hva er minimum mønsterdybde for sommerdekk?
            </formulation>
            <alternative>
                1 cm.
            </alternative>
            <alternative>
                2,5 mm.
            </alternative>
            <alternative>
				1,9 mm for alle type kjøretøy.
            </alternative>
            <alternative isCorrect="true">
                1,6 mm for personbiler.
            </alternative>
        </question>
		<question>
            <formulation>
               Hva er riktig i forhold til firehjulstrekk og drivstofforbruk?
            </formulation>
            <alternative>
                Firehjulstrekk har ingen innvirkning på drivstoff forbruket.
            </alternative>
            <alternative>
                Firehjulstrekk minsker drivstoff forbruket.
            </alternative>
            <alternative>
				Firehjulstrekk er nødvendig i alle biler.
            </alternative>
            <alternative isCorrect="true">
                Firehjulstrekk øker drivstoff forbruket.
            </alternative>
        </question>
		<question>
            <formulation>
               Hvordan betegnes dødgang på ratt?
            </formulation>
            <alternative>
                Dødgang er bremsesvikt.
            </alternative>
            <alternative>
                Det er det samme som servostyring.
            </alternative>
            <alternative>
				Det er hvor stor kraft det tar å svinge på rattet.
            </alternative>
            <alternative isCorrect="true">
                Det betegnes på hvor mye du kan svinge på rattet uten at  hjulene beveger seg.
            </alternative>
        </question>
		<question>
            <formulation>
               Hva er maks dødgang du kan ha på ratt?
            </formulation>
            <alternative>
                10 cm.
            </alternative>
            <alternative>
                Det skal ikke være noe dødgang på ratt.
            </alternative>
            <alternative>
				10 meter.
            </alternative>
            <alternative isCorrect="true">
                2-3 cm.
            </alternative>
        </question>
		<question>
            <formulation>
               Hva er riktig i forhold til firehjulstrekk og drivstofforbruk?
            </formulation>
            <alternative>
                Firehjulstrekk har ingen innvirkning på drivstoff forbruket.
            </alternative>
            <alternative>
                Firehjulstrekk minsker drivstoff forbruket.
            </alternative>
            <alternative>
				Firehjulstrekk er nødvendig i alle biler.
            </alternative>
            <alternative isCorrect="true">
                Firehjulstrekk øker drivstoff forbruket.
            </alternative>
        </question>
		<question>
            <formulation>
               Hvordan skal bremsene virke?
            </formulation>
            <alternative>
                Hjulene låses under bremsing.
            </alternative>
            <alternative>
                De skal virke kraftigst på bakhjulene.
            </alternative>
            <alternative>
				De skal virke like kraftige på alle hjul.
            </alternative>
            <alternative isCorrect="true">
                De skal virke kraftigst på framhjulene.
            </alternative>
        </question>
		<question>
            <formulation>
                Hva kan være grunnen for at kontrollampen lyser og motortemperaturen øker?
            </formulation>
            <alternative>
                Batteriet er overladet.
            </alternative>
            <alternative>
                Det er ikke nok luft i hjulene.
            </alternative>
            <alternative>
				En sikring til dynamoen er defekt.
            </alternative>
            <alternative isCorrect="true">
                Drivrem til dynamo og vannpumpe er defekt.
            </alternative>
        </question>
        <question>
            <formulation>
                Hvilke konsekvenser kan det få å kjøre med for tung tilhenger
            </formulation>
            <alternative isCorrect="true">
                 Lenger  bremselengde, dårligere stabilitet, bilen går saktere og dårligere veigrep foran.
            </alternative>
            <alternative>
                Føreren får dårlig sikt.
            </alternative>
            <alternative>
                Bilen overstyrer når du svinger.
            </alternative>
        </question>
        <question>
            <formulation>
                Hvilke ulemper kan du oppleve dersom du har for tung last i bilen?
            </formulation>
            <alternative isCorrect="true">
                Dårligere kjøreegenskaper, lengre bremselengde og at bilen bruker mer drivstoff.
            </alternative>
            <alternative>
                At bilen ikke vil starte.
            </alternative>
            <alternative>
                Du vil oppleve at bilen blir tregere.
            </alternative>
        </question>
        <question>
            <formulation>
                Hvilken konsekvenser kan det få å kjøre med tilhenger med for stor tillatt totalvekt?
            </formulation>
            <alternative isCorrect="true">
                    Lenger bremselengde, overstyring, ulovlig og mer utslipp av CO2.
            </alternative>
            <alternative>
                Bilen vil kunne kjøre som normalt.
            </alternative>
            <alternative>
                Dekken blir fortere slitt og du må bytte dekk oftere.
            </alternative>
        </question>
        <question>
            <formulation>
                Hvilke skader er mest vanlig på felg og dekk?
            </formulation>
            <alternative isCorrect="true">
                    Rifter i dekket, sår på dekksidene, bulk i felgkant.
            </alternative>
            <alternative>
                Spisse gjenstander som har satt seg fast i dekket.
            </alternative>
            <alternative>
                Slitt gummi pågrunn av for mye burning.
            </alternative>
        </question>
        <question>
                <formulation>
                    Hvis dekkene er mest slitte på midten, hva kan dette fortelle deg?
                </formulation>
                <alternative isCorrect="true">
                        At du har kjørt med for mye luft i dekkene.
                </alternative>
                <alternative>
                    At du kjører med feil type dekk.
                </alternative>
                <alternative>
                    At dekkene er for store.
                </alternative>
        </question>
        <question>
            <formulation>
                Feil lufttrykk i dekket kan gi hvilke følger?
            </formulation>
            <alternative isCorrect="true">
                Feil lufttrykk kan påvirke bl.a. kjøreegenskaper, drivstofforbruk, og dekkenes livslengde.
            </alternative>
            <alternative>
                At dekket eksploderer hvis du kjører over 100 km/t.
            </alternative>
            <alternative>
                Feil lufttrykk kan påvirke bremselengden og bremsetiden.
            </alternative>
        </question>
        <question>
            <formulation>
                Feil lufttrykk i dekket kan gi hvilke følger?
            </formulation>
            <alternative isCorrect="true">
                Feil lufttrykk kan påvirke bl.a. kjøreegenskaper, drivstofforbruk, og dekkenes livslengde.
            </alternative>
            <alternative>
                At dekket eksploderer hvis du kjører over 100 km/t.
            </alternative>
            <alternative>
                Feil lufttrykk kan påvirke bremselengden og bremsetiden.
            </alternative>
        </question>
        <question>
            <formulation>
                Hvilke ulemper er det ved å kjøre med for liten mønsterdybde?
            </formulation>
            <alternative isCorrect="true">
                Det gir dårligere veggrep og  letter at det oppstår vannplaning.
            </alternative>
            <alternative>
                Det blir vanskligere å holde seg på veien når man svinger.
            </alternative>
            <alternative>
                Det vil føre til at du kan spole lettere og bremsetiden vil bli lenger.
            </alternative>
        </question>
        <question>
            <formulation>
                Er det forsvarlig å kjøre når bremselysene ikke virker?
            </formulation>
            <alternative isCorrect="true">
                Nei, du må sjekke sikringen eller bytte pære.
            </alternative>
            <alternative>
                Det er lov  på landvei.
            </alternative>
            <alternative>
                Det er lov så lenge du ikke skal bremse.
            </alternative>
        </question>
        <question>
            <formulation>
                Hvordan finner du riktig dekkdimensjon?
            </formulation>
            <alternative isCorrect="true">
                Ser i vognkortet.
            </alternative>
            <alternative>
                Spør dekkforhandleren.
            </alternative>
            <alternative>
                Det står på dekket.
            </alternative>
        </question>
        <question>
            <formulation>
                Er det lov å kjøre med en varselslampe som lyser rødt i displayet til bilen?
            </formulation>
            <alternative isCorrect="true">
                Nei, det er ikke lov.
            </alternative>
            <alternative>
                Det er lov å kjøre frem til første kontroll, så blir du henvist til et verksted som kan hjelpe deg.
            </alternative>
            <alternative>
                Det er ikke lov, men det er ikke farlig så det er bare å kjøre.
            </alternative>
        </question>
    </category>
    <category field="skilt">
	<question>
		<formulation  isImage="overgang">
			Hva betyr dette skiltet?
        </formulation>
        <alternative isCorrect="true">
           Gangfelt 150 m.
        </alternative>
        <alternative>
             Gangfelt 250 m.
        </alternative>
        <alternative>
             Gangfelt.
        </alternative>
    </question>
		<question>
	<formulation  isImage="vegskulder">
			Hva betyr dette skiltet?
        </formulation>
        <alternative isCorrect="true">
            FARLIG VEGSKULDER
        </alternative>
        <alternative>
            GLATT KJØREBANE
        </alternative>
        <alternative>
            FARLIGE SVINGER
        </alternative>
    </question>
	<question>
        <formulation isImage="gatetun">
			Hva er høyeste tillatte fart etter at du har passert dette skiltet?
        </formulation>
        <alternative >
            30 km/t.
        </alternative>
        <alternative>
            40 km/t.
        </alternative>
        <alternative isCorrect="true">
            Gangfart.
        </alternative>
    </question>
	
	    <question>
        <formulation isImage="feltforfart">
			Du er på vei inn på motorvei. Hva betyr dette skiltet?
        </formulation>
        <alternative isCorrect="true">
            Felt for fartsøkning.
        </alternative>
        <alternative>
            Kjørebane har 3 felt i samme retning.
        </alternative>
        <alternative>
            Sammenfletting
        </alternative>
    </question>
	
	    <question>
        <formulation isImage="slash60sone">
			Du kjører på landevei. Hva er maks hastighet når du passerer dette skiltet?
        </formulation>
        <alternative isCorrect="true">
            80 km/t.
        </alternative>
        <alternative>
            70 km/t.
        </alternative>
        <alternative>
            90 km/t.
        </alternative>
    </question>
	
	 <question>
        <formulation isImage="parkeringssone">
			Når kan du ikke parkere her ifølge dette parkeringsskiltet?
        </formulation>
        <alternative isCorrect="true">
            Parkeringssone.
        </alternative>
        <alternative>
            70 km/t.
        </alternative>
        <alternative>
            90 km/t.
        </alternative>
    </question>
	
	 <question>
        <formulation isImage="vikeplikt">
			Hvem har vikeplikt ifølge dette skiltet?
        </formulation>
        <alternative>
            Møtende trafikk har vikeplikt.
        </alternative>
        <alternative  isCorrect="true">
            Du har vikeplikt.
        </alternative>
        <alternative>
            Begge har vikeplikt.
        </alternative>
    </question>

	<question>
        <formulation isImage="motortrafikkvei">
			Hva betyr dette skiltet?
        </formulation>
        <alternative >
            Landevei.
        </alternative>
        <alternative isCorrect="true">
            Motortrafikkvei.
        </alternative>
        <alternative>
            Motorvei.
        </alternative>
    </question> 
	<question>
        <formulation>
			Hvilke kjøretøy kan benytte et felt som viser dette skiltet?
        </formulation>
        <alternative >
            Kollektivtransport.
        </alternative>
        <alternative>
            Perosnbiler med 2+ personer.
        </alternative>
        <alternative isCorrect="true">
            Drosje, buss, motorvogn med minst 2 personer.
        </alternative>
    </question>
	
	<question>
        <formulation>
			Hva betyr dette skiltet
        </formulation>
        <alternative >
            Farlig sving.
        </alternative>
        <alternative>
            Påbudtkjørefelt.
        </alternative>
        <alternative isCorrect="true">
            Enveiskjøring.
        </alternative>
    </question>
   </category>
    
    <category field="generelt">
        <question>
            <formulation>
                Skal man alltid ha sertifikaten på seg når man kjører bil?
            </formulation>
            <alternative>
                Nei.
            </alternative>
            <alternative>
                Kanskje.
            </alternative>
            <alternative isCorrect="true">
                Ja.
            </alternative>
        </question>
		<question>
            <formulation>
				Hva er den vanligste grunn til utforkjøring i sving?
            </formulation>
            <alternative>
                Doseringen på svingen er feil.
            </alternative>
            <alternative>
                Dårlig reaksjonstid.
            </alternative>
            <alternative>
				Dårlige dekk.
            </alternative>
            <alternative isCorrect="true">
                Feilvurdering av fart.
            </alternative>
        </question>
		<question>
            <formulation>
				Hvordan er myndighetspyramiden regulert?
            </formulation>
            <alternative>
                Først tegn fra politi, lysregulering, trafikkreglene, så trafikkskilt og veioppmerkning.
            </alternative>
            <alternative>
                Først trafikkreglene, trafikkskilt og veioppmerkning, tegn fra politi, så lysregulering.
            </alternative>
            <alternative>
				Først trafikkskilt og veioppmerkning, tegn fra politi, lysregulering, så trafikkreglene.
            </alternative>
            <alternative isCorrect="true">
                Først tegn fra politi, lysregulering, trafikkskilt og veioppmerkning, så trafikkreglene.
            </alternative>
        </question>
		<question>
            <formulation>
				Hvilken av alternativene er korrekt angående bil og miljø?
            </formulation>
            <alternative>
                MAn skal kjøre med så lavt gir som mulig.
            </alternative>
            <alternative>
                Bensin er mer miljøvennlig enn disel.
            </alternative>
            <alternative>
				Bilmotoren utgir ingen farlige stoffer.
            </alternative>
            <alternative isCorrect="true">
                Katalysatoren bryter ned farlige gasser fra motoren.
            </alternative>
        </question>
		<question>
            <formulation>
				Du vil trekke tilhenger med bilen. Hvor mye kan tilhengeren lovlig veie?
            </formulation>
            <alternative>
                Tilhenger med last kan veie dobbelt så mye som bilens egenvekt.
            </alternative>
            <alternative>
                Tilhenger med last kan veie halvparten av bilens totalvekt.
            </alternative>
            <alternative>
				Det finnes ingen vektgrense for tilhenger.
            </alternative>
            <alternative isCorrect="true">
                Maksimal tilhengervekt er oppgitt i bilens vognkort.
            </alternative>
        </question>
		<question>
            <formulation>
               Hvor hurtig bør innblåsing foretas ved bruk av munn til munn metode?
            </formulation>
            <alternative>
                En gang pr. minutt.
            </alternative>
            <alternative>
                200 ganger pr. minutt.
            </alternative>
            <alternative>
				10 ganger pr. minutt.
            </alternative>
            <alternative isCorrect="true">
                Som ved normal pust.
            </alternative>
        </question>
		<question>
            <formulation>
               I hvilke ulykker blir flest unge førere drept?
            </formulation>
            <alternative>
                Kollisjon på motorvei.
            </alternative>
            <alternative>
                Møteulykke.
            </alternative>
            <alternative>
				Ulykker på parkering.
            </alternative>
            <alternative isCorrect="true">
                Utforkjøring på landeveg.
            </alternative>
        </question>
		<question>
            <formulation>
               Du sitter på med en sjåfør som du opplever kjører fortere enn det du ønsker. Hva bør du gjøre?
            </formulation>
            <alternative>
                Ingenting.
            </alternative>
            <alternative>
                Hoppe ut av bilen.
            </alternative>
            <alternative>
				Anmelde føreren til politiet.
            </alternative>
            <alternative isCorrect="true">
                Be om at farten reduseres umiddelbart.
            </alternative>
        </question>
        <question>
            <formulation>
                Cirka hvor mange timer må du vente med å kjøre bil etter at du har konsumert alkohol?
            </formulation>
            <alternative>
                Cirka 4 timer.
            </alternative>
            <alternative>
                Cirka 6 timer.
            </alternative>
            <alternative>
                Cirka 8 timer.
            </alternative>
            <alternative isCorrect="true">
                Cirka 10 timer.
            </alternative>
        </question>
        <question>
            <formulation>
                Vognkortet gir opplysninger om bilen. Hvem er disse opplysningene beregnet for?
            </formulation>
            <alternative>
                Forsikringselskapet.
            </alternative>
            <alternative>
                Verkstedet.
            </alternative>
            <alternative isCorrect="true">
                Politiet og vegvesenet. 
            </alternative>
        </question>
        <question>
            <formulation>
                Hvor mange ganger lengre blir bremselengden til bilen når farten økes fra 30km/t til 90km/t?
            </formulation>
            <alternative isCorrect="true">
                9 ganger så lang.
            </alternative>
            <alternative>
                6 ganger så lang.
            </alternative>
            <alternative>
                3 ganger så lang.
            </alternative>
        </question>
        <question>
            <formulation>
                Hvem er mest utsatt for ulykker ved bilkjøring?
            </formulation>
            <alternative isCorrect="true">
                25 år og yngre.
            </alternative>
            <alternative>
                30 år og eldre.
            </alternative>
            <alternative>
                60 år og eldre.
            </alternative>
        </question>
        
    </category>
    <category field="bilførerensAnsvarogPlikter">
        <question>
            <formulation>
                Hvem sitt ansvar er det at kjøretøyet er  i forsvalig tilstand når du er ute å kjører?
            </formulation>
            <alternative isCorrect="true">
                Det er føreren sitt ansvar.
            </alternative>
            <alternative>
                Asvaret tilhører den som er eier av kjøretøyet.
            </alternative>
            <alternative>
                Vegtrafikkloven slår fast at det er føreren og eier av kjøretøyet som har delt ansvar.
            </alternative>
        </question>
		<question>
            <formulation>
				Hvem har hovedansvaret under øvelseskjøring?
            </formulation>
            <alternative>
                Eieren av bilen.
            </alternative>
            <alternative>
                Den som øvelseskjører hvis han/hun er fylt 18.
            </alternative>
            <alternative>
				Ledsageren og den som øvelseskjører.
            </alternative>
            <alternative isCorrect="true">
                Ledsageren.
            </alternative>
        </question>
		<question>
            <formulation>
				Du kjører bak et vogntog som blinker til høyre. Hva bør du gjøre?
            </formulation>
            <alternative>
                Kjøre forbi vogntoget.
            </alternative>
            <alternative>
                Vogntoget gir tegn til deg for at du skal kjøre forbi.
            </alternative>
            <alternative>
				Vogntoget gir tegn til deg for at du skal følge etter.
            </alternative>
            <alternative isCorrect="true">
                Vogntoget skal mest sannsynlig til høyre i neste kryss og jeg holder meg derfor bak.
            </alternative>
        </question>
		<question>
            <formulation>
				Hvor stor luke trenger man for å krysse en forkjørsvei der fartgrensen er 80 km/t?
            </formulation>
            <alternative>
                Ca. 600 meter.
            </alternative>
            <alternative>
                Ca. 100 meter.
            </alternative>
            <alternative>
				Ca. 400 meter.
            </alternative>
            <alternative isCorrect="true">
                Ca. 150 meter.
            </alternative>
        </question>
		<question>
            <formulation>
				Hva vil du gjøre med en bevisstløs person??
            </formulation>
            <alternative>
                Holde personen mest mulig varm og med hodet høyt.
            </alternative>
            <alternative>
                Holde personen mest mulig kald og med hodet høyt.
            </alternative>
            <alternative>
				Legge personen på magen og masserer ryggen.
            </alternative>
            <alternative isCorrect="true">
                Legge personen i stabilt sideleie og holde vedkommende varm.
            </alternative>
        </question>
		<question>
            <formulation>
				Når vil du oppdage en fotgjenger uten refleks på en mørklagt vei med nærlys?
            </formulation>
            <alternative>
                Ca. 300-500 meter.
            </alternative>
            <alternative>
                Ca. 50-100 meter.
            </alternative>
            <alternative>
				Ca. 100-200 meter.
            </alternative>
            <alternative isCorrect="true">
                Ca. 10-50 meter.
            </alternative>
        </question>
		<question>
            <formulation>
				Du kjører i ca. 50 km/t og lyssignalet skifter til gult lys. Det er 10 meter frem til krysset. Hva bør du gjøre?
            </formulation>
            <alternative>
                Kjør videre mens du bruker hornet for å gi tegn til andre trafikanter.
            </alternative>
            <alternative>
                Øke hastigheten.
            </alternative>
            <alternative>
				Stanse.
            </alternative>
            <alternative isCorrect="true">
                Fortsette kjøringen.
            </alternative>
        </question>
		<question>
            <formulation>
				Hvilken av alternativene er korrekt innen kategorien alkohol og bilkjøring?
            </formulation>
            <alternative>
                Ved promillekjøring blir førerkortert inndratt i minst 3 år.
            </alternative>
            <alternative>
                En bilfører er påvirket av alkohol og kan bli straffet dersom personen har alkohol i blodet.
            </alternative>
            <alternative>
				Dersom bilførerens alkoholkonsentrasjon i blodet er på 0,3 kan bilføreren ikke bli straffet.
            </alternative>
            <alternative isCorrect="true">
                Ved over 0,2 promille regnes du alltid som påvirket.
            </alternative>
        </question>
		<question>
            <formulation>
				Hvilket av alternativene er riktig innenfor barnesikring i bil?
            </formulation>
            <alternative>
                Barn under 135 cm skal sitte på fanget til en passasjer med belte.
            </alternative>
            <alternative>
                Det er ikke lov å kjøre med spedbarn i bilen.
            </alternative>
            <alternative>
				Barn under 135 cm skal sitte i en barnesete rettet i motsatt retning på passasjersetet foran.
            </alternative>
            <alternative isCorrect="true">
                Barn under 135 cm høyde skal alltid bruke godkjent barnesikringsutstyr som er riktig i forhold til barnet, 
				mens barn med høyde 135-150 cm skal bruke slikt utstyr dersom det er tilgjengelig i bilen.
            </alternative>
        </question>
		<question>
            <formulation>
               Hvor skal varseltrekanten plasseres?
            </formulation>
            <alternative>
                Ved siden av bilen.
            </alternative>
            <alternative>
                På taket av bilen
            </alternative>
            <alternative>
				10 meter fra bilen.
            </alternative>
            <alternative isCorrect="true">
                150-200 meter fra bilen.
            </alternative>
        </question>
		<question>
            <formulation>
                Når skal du skifte til nærlys når du møter en bil i mørket?
            </formulation>
            <alternative>
                Når jeg passerer bilen.
            </alternative>
            <alternative>
                Straks jeg ser bilen.
            </alternative>
            <alternative>
				Når avstanden er 400-500 meter.
            </alternative>
            <alternative isCorrect="true">
                Når avstanden er 200-300 meter.
            </alternative>
        </question>
        <question>
            <formulation>
                Hvis du skal låne bort kjøretøyet ditt hvilke av setningene under gjelder deg?
            </formulation>
            <alternative isCorrect="true">
                Kjøretøyets eier plikter å sørge for at kjøretøyet ikke brukes dersom det ikke er i forsvalig tilstand.
            </alternative>
            <alternative>
                Kjøretøyets eier må søke om tillatelse før kjøretøyet blir lånt bort.
            </alternative>
            <alternative>
                Eieren av kjøretøyet kan ikke låne bort kjøretøyet med mindre føreren av kjøretøyet er 25 år eller eldre.
            </alternative>
        </question>
        <question>
            <formulation>
                Hvilken del av vognkortet skal alltid følge bilen?
            </formulation>
            <alternative isCorrect="true">
                Del 1 av vognkortet.
            </alternative>
            <alternative>
                Del 2 av vognkortet.
            </alternative>
            <alternative>
                Ingen av delene.
            </alternative>
        </question>
        <question>
            <formulation>
                Del 2 av vognkortet skal allltid?
            </formulation>
            <alternative isCorrect="true">
                Oppbevares et annet sted enn kjøretøyet, tilgjenlig for eier av kjøretøyet.
            </alternative>
            <alternative>
                Oppbevares hos en advokat, slik at hvis det oppstår en ulykke så vil advokaten være bedre forberedt.
            </alternative>
            <alternative>
                Den kan oppbevares hvor du ønsker.
            </alternative>
        </question>
        <question>
            <formulation>
                Hvis du skal øvelseskjøre så?
            </formulation>
            <alternative isCorrect="true">
                Må du ha med deg gyldig legitimasjon og bevis på gjennomført trafikalt grunnkurs.
            </alternative>
            <alternative>
                Må du ha med deg Gyldig legitimasjon.
            </alternative>
            <alternative>
                Må du ha med deg bevis på gjennomført trafikalt grunnkurs.
            </alternative>
        </question>
        <question>
            <formulation>
                Hva er gresnen for promille i følge vegtrafikkloven?
            </formulation>
            <alternative isCorrect="true">
                Grensen er 0.2 promille.
            </alternative>
            <alternative>
                Grensen er 0.5 promille.
            </alternative>
            <alternative>
                Grensen er 0.8 promille.
            </alternative>
            <alternative>
                Grensen er 1.2 promille.
            </alternative>
        </question>
        <question>
            <formulation>
                Hvorfor er det så mange som kjører påvirket av alkohol i trafikken?
            </formulation>
            <alternative isCorrect="true">
                De vet ikke at de er påvirket, promillen er vanskelig å beregne, tar sjansen på å ikke bli oppdaget.
            </alternative>
            <alternative>
                Fordi politi ikke har lov til å staffe de som bryter promille grensen.
            </alternative>
            <alternative>
                Fordi alkohol ikke påvirker kjøreegenskapene dine.
            </alternative>
            <alternative>
                Fordi stressede personer blir fortere edru.
            </alternative>
        </question>
        <question>
            <formulation>
                Hvis du merker at du holder på å sovne under kjøring, bør du?
            </formulation>
            <alternative isCorrect="true">
                Gå ut av bilen å trekke friskluft i 5 minutter før du kjører videre. Hvis det ikke hjelper så bør du stoppe å sove i 15 minutter før du fortsetter videre.
            </alternative>
            <alternative>
                Sette på høy musikk eller øke volumet på radioen.
            </alternative>
            <alternative>
                Ikke sove i 15 minutter fordi da blir man bare mer trøtt enn hva man var før man tok en powernap.
            </alternative>
        </question>
        <question>
            <formulation>
                Er det påbudt med trafikkforsikring av bil i norge?
            </formulation>
            <alternative isCorrect="true">
                Ja, du må alltid ha forsikret bilen din.
            </alternative>
            <alternative>
                Ja, bare hvis du er norsk statsborger.
            </alternative>
            <alternative>
                Ja, hvis du har vært i en trafikkulykke.
            </alternative>
        </question>
        <question>
            <formulation>
                Hva kan straffen for å forlate en trafikkskadet person være?
            </formulation>
            <alternative isCorrect="true">
                3 års fengsel og inndragning av førerkortet for alltid.
            </alternative>
            <alternative>
                Indragning av førerkortet, 3 års fengsel og miste muligheten til å eie et kjøretøy. 
            </alternative>
            <alternative>
                3 års fengsel og miste muligheten til å eie eget kjøretøy.
            </alternative>
        </question>
    </category>
    <category field="bilfører">
        <question>
            <formulation>
                Hvor skal blikket hvile når man er ute å kjører?
            </formulation>
            <alternative isCorrect="true">
                Holde blikket så langt frem som mulig for å få god oversikt.
            </alternative>
            <alternative>
                Nærme slik at du oppdager det som vil inntreffe deg raskest.
            </alternative>
            <alternative>
                Tre ganger bilens lengde slik at man får en god oversikt og oppdager det som er nærme.
            </alternative>
        </question>
		<question>
            <formulation>
				Du kjører i 20 km/t og bremser maksimalt. Det er litt glatt, og bremselengden blir 5 meter. Hva ville bremselengden blitt om farten hadde vært 80 km/t på samme føret?
            </formulation>
            <alternative>
                20 meter.
            </alternative>
            <alternative>
                40 meter.
            </alternative>
            <alternative>
				60 meter.
            </alternative>
            <alternative isCorrect="true">
                80 meter.
            </alternative>
        </question>
		<question>
            <formulation>
				Hva er riktig om oppfattelse av fart og avstand?
            </formulation>
            <alternative>
                Lengre avstander klarer man å bedømme.
            </alternative>
            <alternative>
                Man kan bedømme både korte og lange avstander.
            </alternative>
            <alternative>
				Det er lettere å bedømme avstander i mørket med fjernlys på.
            </alternative>
            <alternative isCorrect="true">
                Korte avstander klarer man å bedømme.
            </alternative>
        </question>
		<question>
            <formulation>
				Hva menes med fartsblindhet?
            </formulation>
            <alternative>
                Føreren har problemer med å vurdere andre bilers hastighet.
            </alternative>
            <alternative>
                Føreren har problemer med å vurdere hastigheten til bilen(e) bak har.
            </alternative>
            <alternative>
				Føreren har problemer med å vurdere hastigheten for møtende trafikk.
            </alternative>
            <alternative isCorrect="true">
                Føreren har problemer med å vurdere egen hastighet.
            </alternative>
        </question>
		<question>
            <formulation>
				Hva må man være oppmerksom på når man kjører på is (glatt føre)?
            </formulation>
            <alternative>
                Ingenting, man kjører som vanlig.
            </alternative>
            <alternative>
                Sjekk at medtrafikanter bruker vinterdekk.
            </alternative>
            <alternative>
				Reaksjonstiden vil være lengre.
            </alternative>
            <alternative isCorrect="true">
                Bremselengden vil bli betydelig lengre enn tørt føre.
            </alternative>
        </question>
		<question>
            <formulation>
               Hvor dypt er mønsterdybde i vinterdekk?
            </formulation>
            <alternative>
                Det finnes bare mønsterdybde i sommerdekk.
            </alternative>
            <alternative>
                Vinterdekk har mønsterdybde på minst 1,6 mm.
            </alternative>
            <alternative>
				Vinterdekk har mønsterdybde på minst 2,5 mm.
            </alternative>
            <alternative isCorrect="true">
                Vinterdekk har mønsterdybde må være minimum 3 mm uansett dekktype.
            </alternative>
        </question>
		<question>
            <formulation>
               Hvilken påstand er mest korrekt ved feil lufttrykk i hjul?
            </formulation>
            <alternative>
                Det blir vanskeligere å styre.
            </alternative>
            <alternative>
                Det har liten eller ingen påvirkning.
            </alternative>
            <alternative>
				Det påvirker drivstofforbruket.
            </alternative>
            <alternative isCorrect="true">
                Det kan påvirke kjøreegenskaper, drivstofforbruk og dekkens livslengde.
            </alternative>
        </question>
		<question>
            <formulation>
               Når har du vikeplikt for buss?
            </formulation>
            <alternative>
                Alltid i rundkjøringer.
            </alternative>
            <alternative>
                Du har aldri vikeplikt for bussen.
            </alternative>
            <alternative>
				Du har alltid vikeplikt for bussen.
            </alternative>
            <alternative isCorrect="true">
                Når bussen skal kjøre ut fra en busslomme og veiens fartsgrense er 60 km/t.
            </alternative>
        </question>
        <question>
            <formulation>
                Hva er den viktigste sansen når man kjører bil?
            </formulation>
            <alternative isCorrect="true">
                Synet.
            </alternative>
            <alternative>
                Likevektsansen.
            </alternative>
            <alternative>
                    Ledd og muskelsansen.
            </alternative>
            <alternative>
                Hørsel.
            </alternative>
        </question>
    </category>
    <category field="trafikksystemet">
	<question>
            <formulation>
               På motorveien finnes det som oftest veiskulder på sidene. Hva benyttes dette til?
            </formulation>
            <alternative>
                Vei for syklister.
            </alternative>
            <alternative>
				Fortau for fotgjengere.
            </alternative>
            <alternative isCorrect="true">
                Benyttes av politi/ambulanse. Kan brukes som midlertidig stoppested dersom føreren må stanse.
            </alternative>
        </question>
		<question>
            <formulation>
				Kan du parkere i en busslomme/bussholdeplass?
            </formulation>
            <alternative>
                Ja, dersom det er også plass til bussen.
            </alternative>
            <alternative>
                Ja, dersom du bare skal parkere i noen få minutter.
            </alternative>
            <alternative>
				Ja, dersom du er på forskjørsvei.
            </alternative>
            <alternative isCorrect="true">
                Nei, det er i utgangspunkt forbudt.
            </alternative>
        </question>
		<question>
            <formulation>
               Hva betyr blinkende gult lyskryss?
            </formulation>
            <alternative>
                At den holder på å skifte lys til grønt.
            </alternative>
            <alternative>
                At den holder på å skifte lys til rødt
            </alternative>
            <alternative isCorrect="true">
                At trafikklyset er ute av drift og at høyreregelen gjelder.
            </alternative>
        </question>
    </category>
    <category field="trafikklover">    
    <question>
        <formulation>
            Et forsikringsselskap har betalt ut erstatning til en skadd fotgjenger som ble påkjørt av en bil. Kan selskapet kreve å få disse pengene tilbake fra bilføreren?
        </formulation>
        <alternative>
            Nei,ikke hvis forsikringen er betalt i rett tid.
        </alternative>
        <alternative>
            ja,hvis føreren ikke hadde førerkortet med seg.
        </alternative>
        <alternative isCorrect="true">
            ja,hvis ulykken hendte under ulovlig øvelseskjøring.
        </alternative>
    </question>
	<question>
            <formulation>
				Du har påkjørt en ku. Hva gjør du?
            </formulation>
            <alternative>
                Kjører videre mens dyret ligger på bakken.
            </alternative>
            <alternative>
                Avliv det med en gang og slakt dyret hvis mulig.
            </alternative>
            <alternative>
				Kontakt politiet og nærmeste gård.
            </alternative>
            <alternative isCorrect="true">
                Sjekker om dyret lider. Dersom den lider og det ikke lar seg gjøre å få tak i eier, veterinær eller politi innen rimelig tid, må føreren avvlive dyret. 
            </alternative>
        </question>
	<question>
            <formulation>
				Hvilket alternativ er galt innenfor rundkjøring.
            </formulation>
            <alternative>
                På kjørebane med to eller flere kjørefelt skal du i god tid kjøre inn i feltet lengst til høyre ved utkjøring til «høyre for midten» av rundkjøringen. 
            </alternative>
            <alternative>
                Skal du «rett fram», velger du felt et som er hensiktsmessig, fortrinnsvis det høyre. 
            </alternative>
            <alternative>
				Ved feltskifte i rundkjøring med flere felt, skal du gi tegn før feltskifte.
            </alternative>
            <alternative isCorrect="true">
                Du skal ha høy fart inn mot rundkjøringen for å unngå trafikk.
            </alternative>
        </question>
		<question>
            <formulation>
               Hvor gjelder veiftrafikkloven? Hva er forskjell på veitrafikkloven og traffikkreglene. Hvor gjelder trafikkreglene?
            </formulation>
            <alternative>
                F
            </alternative>
            <alternative>
                F
            </alternative>
            <alternative>
				F
            </alternative>
            <alternative isCorrect="true">
                R
            </alternative>
        </question>
	<question>
            <formulation>
               Hva er den generelle fartsgrensen i tettbebygd strøk?
            </formulation>
            <alternative>
                30 km/t.
            </alternative>
            <alternative>
                Det varierer fra sted til sted.
            </alternative>
            <alternative>
				60 km/t.
            </alternative>
            <alternative isCorrect="true">
                50 km/t.
            </alternative>
        </question>
	<question>
            <formulation>
               Hva er forbudt når du kjører på motorvei?
            </formulation>
            <alternative>
                Vending er forbudt.
            </alternative>
            <alternative>
                Øvelseskjøring er forbudt.
            </alternative>
            <alternative>
				Rygging er forbudt.
            </alternative>
            <alternative isCorrect="true">
                Rygging og vending er forbudt.
            </alternative>
    </question>
	<question>
            <formulation>
               Hvilket kjøretøy kan ikke kjøre på motorvei?
            </formulation>
            <alternative>
                Personbil med tilhenger.
            </alternative>
            <alternative>
                Traktor.
            </alternative>
            <alternative>
				Buss.
            </alternative>
            <alternative isCorrect="true">
                Moped.
            </alternative>
    </question>
		
    <question>
            <formulation>
                Er det tillatt å stanse foran utkjørsel?
            </formulation>
            <alternative>
                Nei.
            </alternative>
            <alternative>
                Ja.
            </alternative>
            <alternative isCorrect="true">
                Ja,hvis du ikke blir stående lenger 5minutter.
            </alternative>
        </question>
    </category>
    <category field="vegen">
	 <question>
            <formulation>
                Hva betyr hvit varsellinje?
            </formulation>
            <alternative>
                Den betyr fare ved å passere bil i kjørefelt ved siden av.
            </alternative>
            <alternative>
                Den betyr at forbikjøring er forbudt.
            </alternative>
            <alternative>
				Det betyr at du kan skifte felt og at andre har vikeplikt for deg.
            </alternative>
            <alternative isCorrect="true">
                Den betyr fare ved å skifte felt.
            </alternative>
        </question>
		<question>
            <formulation>
				Hva betyr hvit varsellinje?
            </formulation>
            <alternative>
                Det angir fare ved å passere bil i kjørefeltet ved siden av.
            </alternative>
            <alternative>
                Det angir forbud ved å skifte felt.
            </alternative>
            <alternative>
				Det angir en fartsgrense på 60 km/t.
            </alternative>
            <alternative isCorrect="true">
                Det angir fare ved å skifte felt.
            </alternative>
        </question>
		<question>
            <formulation>
				Hva betyr dobbel gul sperrelinje (heltrukket gul linje)?
            </formulation>
            <alternative>
                Det angir fare ved å passere bil i kjørefeltet ved siden av.
            </alternative>
            <alternative>
                Det angir forbud ved å skifte felt.
            </alternative>
            <alternative>
				Det angir en fartsgrense på 60 km/t.
            </alternative>
            <alternative isCorrect="true">
                Heltrukken linje som skiller kjørefelt, og som angir forbud mot å krysse eller berøre linja.
            </alternative>
        </question>
		<question>
            <formulation>
				Hva betyr hvit varsellinje (lang strek og korte mellomrom)?
            </formulation>
            <alternative>
                Det angir fare ved å passere bil i kjørefeltet ved siden av.
            </alternative>
            <alternative>
                Det angir forbud ved å skifte felt.
            </alternative>
            <alternative>
				Det angir en fartsgrense på 60 km/t.
            </alternative>
            <alternative isCorrect="true">
                Det angir fare ved å skifte felt.
            </alternative>
        </question>
		<question>
            <formulation>
				Hva betyr gul kjørefeltlinje(kort strek og lange mellomrom)?
            </formulation>
            <alternative>
               Forbikjøring er forbudt.
            </alternative>
            <alternative>
                Det er forbudt å krysse linja.
            </alternative>
            <alternative>
				Linjen kan krysses dersom det er klart foran.
            </alternative>
            <alternative isCorrect="true">
                Gul varsellinje angir at sikten fremover er for kort til vanlig forbikjøring.
            </alternative>
        </question>
		<question>
            <formulation>
               Hva er forskjellen mellom motorvei og motortrafikkvei?
            </formulation>
            <alternative>
                Det er ingen forskjell mellom dem.
            </alternative>
            <alternative>
                På motortrafikkvei kan man kjøre 100 km/t.
            </alternative>
            <alternative>
				Motortrafikkvei er bedre kvalitet enn motorvei.
            </alternative>
            <alternative isCorrect="true">
                Motortrafikkvei har som oftest bare en kjøreretning hver vei og bruker ikke alltid midtstripe. Det er dårligere standard enn motorvei.
            </alternative>
        </question>
		<question>
            <formulation>
               Hva vil det si at det er striplet sidelinjer på begge sidene av veien?
            </formulation>
            <alternative>
                Det er forkjørsvei.
            </alternative>
            <alternative>
                Det er ikke forkjørsvei.
            </alternative>
            <alternative>
				Veien er over 5,5 meter bred.
            </alternative>
            <alternative isCorrect="true">
                Veiens bredder er under 5,5 meter og det er ingen midtstripe.
            </alternative>
        </question>
    </category>
    <category field="trafikksikkerhet">
        <question>
            <formulation>
                Hvor langt fra skadestedet skal varselstrekanten settes opp?
            </formulation>
            <alternative isCorrect="true">
                150 - 200 m.
            </alternative>
            <alternative>
                100 m.
            </alternative>
            <alternative>
                50 - 100 m.
            </alternative>
        </question>
    </category>
    <category field="bilitrafikk">
        <question>
            <formulation>
                Du kjører i mørke med fjernlys tent. Hvor lang avstand kan du se en fotgjenger uten refleks?
            </formulation>
            <alternative>
                Ca. 25 meter.
            </alternative>
            <alternative>
                Ca. 200 meter.
            </alternative>
            <alternative>
                Ca. 50 meter.
            </alternative>
            <alternative isCorrect="true">
                Ca. 100 meter.
            </alternative>
        </question>
        <question>
            <formulation>
                Hva betyr hvit oppmerking midt i kjørebanen?
            </formulation>
            <alternative>
                hvit oppmerking betyr at du ikke har lov til å foreta forbikjøring.
            </alternative>
            <alternative>
                Hvit oppmerking angir at oversikten er meget god.
            </alternative>
            <alternative isCorrect="true">
                Kjørebanen har trafikk i begge retninger.
            </alternative>
            <alternative >
                Du kan være i gate med enveiskjøring.
            </alternative>
        </question>
        <question>
            <formulation>
                Hvor tung tilhenger kan din personbil trekke?
            </formulation>
            <alternative>
                1.5 ganger bilens totalvekt.
            </alternative>
            <alternative>
                Tilhengeren kan veie det som står i tilhengerens vognkort.
            </alternative>
            <alternative>
                Tilhengeren med last kan veie like mye som bilens totalvekt.
            </alternative>
            <alternative isCorrect="true">
                Tilhengeren kan veie det som står i bilens vognkort så lenge den ikke overskrider 3500kg.
            </alternative>
        </question>
        <question>
        <formulation>
            Hva er riktig kjøremåte når du skal inn i et felt for nedbremsing?
        </formulation>
        <alternative>
            Alltid bremse for å vise de bak at du skal svinge.
        </alternative>
        <alternative>
            Øke farten før du kjører inn i feltet for nedbremsing.
        </alternative>
        <alternative>
            Senke farten før du kjører inn i feltet for nedbremsing.
        </alternative>
        <alternative isCorrect="true">
            Jevn fart til du er i feltet for nedbremsing og så senke farten.
        </alternative>
    </question>
        <question>
        <formulation>
            Hvilken fart skal du ha når du forlater et felt for fartsøkning?
        </formulation>
        <alternative>
            Størst mulig.
        </alternative>
        <alternative>
            Minst mulig.
        </alternative>
        <alternative>
            Alltid 50 km/t.
        </alternative>
        <alternative isCorrect="true">
            Cirka samme fart som feltet du kjører inn på, men ikke mer.
        </alternative>
    </question>
        <question>
            <formulation>
                Når bør man holde lenger avstand enn 3 sekunder til bilen foran?
            </formulation>
            <alternative>
                Hvis det er tørtt og varmt.
            </alternative>
            <alternative>
                Alt er helt normalt.
            </alternative>
            <alternative>
                Om natten.
            </alternative>
            <alternative isCorrect="true">
                Når det er glatt.
            </alternative>
        </question>
    </category>
	</traffic>


